"agegroup","prevalence","ll","ul"
"(0,4]",0.00028,0.00024,0.00031
"(4,9]",0.00133,0.00126,0.00141
"(9,14]",0.0032,0.00306,0.00334
"(14,17]",0.00497,0.00479,0.00517
"(17,44]",0.048,0.04,0.059
"(44,64]",0.189,0.161,0.221
"(64,101]",0.292,0.264,0.321
